title,company,location,link
Python Software Developer,"Old Mission Capital, LLC","Chicago, IL",https://stackoverflow.com/jobs/237203
Python Developer,Ahex Technologies,"Hyderabad, India",https://stackoverflow.com/jobs/431894
Senior Software Developer (Python-Django),Skizzle Technolabs India Private Limited,"Kochi, India",https://stackoverflow.com/jobs/427201
Software Developer Python,Husys,"Hyderabad, India",https://stackoverflow.com/jobs/364529
Backend Developer – Python/Django,5 Monkeys Agency AB,"Göteborg, Sweden",https://stackoverflow.com/jobs/426940
Python Application Developer- London,"JPMorgan Chase Bank, N.A.","London, UK",https://stackoverflow.com/jobs/431300
Senior Python Developer,Akshay Staffing and Recruitment Services,"Hyderabad, India",https://stackoverflow.com/jobs/431903
Senior Software Engineer - Python,YouGov,"Warsaw, Poland",https://stackoverflow.com/jobs/422635
Python Software Engineer,bloomon,"Amsterdam, Netherlands",https://stackoverflow.com/jobs/286140
PYTHON DEVELOPER,Crashmeal,"Hyderabad, India",https://stackoverflow.com/jobs/343506
Full Stack (Python/React) Software engineer,"JPMorgan Chase Bank, N.A.","New York, NY",https://stackoverflow.com/jobs/421440
Pythonエンジニア/システムインテグレータ・ソフトハウス,株式会社 ゼロフィールド,"Minato City, Japan",https://stackoverflow.com/jobs/402856
Senior python/django Developer,Div International Technology Services,"Hyderabad, India",https://stackoverflow.com/jobs/431906
Python Developer,Sagarsoft India Limited,"Hyderabad, India",https://stackoverflow.com/jobs/431909
Python Developer,De La Rue North America Holdings,"Logan, UT",https://stackoverflow.com/jobs/431392
Python Developer,Promantra Synergy Solutions Ltd.,"Hyderabad, India",https://stackoverflow.com/jobs/431907
Senior Backend Engineer - Python,APNATIME TECH PRIVATE LIMITED,No office location,https://stackoverflow.com/jobs/411044
Django/Python Backend Engineer,PolicyFly,No office location,https://stackoverflow.com/jobs/415347
Python Developer,YouGov,"Bengaluru, India",https://stackoverflow.com/jobs/413507
Mid-Level Backend Software Engineer (Python / Django),"Tivix, Inc.","Wrocław, Poland",https://stackoverflow.com/jobs/420639
Python Developer/Senior Python Developer,Crebritech,"Noida, India",https://stackoverflow.com/jobs/384512
Sr. Python Developer,Chakravuyha Software Technologies pvt Ltd,"Hyderabad, India",https://stackoverflow.com/jobs/431902
Full Stack Developer - Python & Django,LiveHealth,"Pune, India",https://stackoverflow.com/jobs/387071
Backend Software Engineer (Python or Java),F-Secure,"Helsinki, Finland",https://stackoverflow.com/jobs/430332
Python Developer,GeekyWorks,"Pune, India",https://stackoverflow.com/jobs/408881
Backend Software Engineer (Python or Java),F-Secure,"Helsinki, Finland",https://stackoverflow.com/jobs/430332
Python Developer,GeekyWorks,"Pune, India",https://stackoverflow.com/jobs/408881
Python Software Engineer - Glasgow - Associate,"JPMorgan Chase Bank, N.A.","Glasgow, UK",https://stackoverflow.com/jobs/427792
Python/Django Developer,GeekBull Consulting,"Hyderabad, India",https://stackoverflow.com/jobs/431897
(Senior) Full-Stack Software Engineer who loves Python,Advertima,"Berlin, Germany",https://stackoverflow.com/jobs/422932
Mid-Senior Python / Django Engineer,Octopus Energy,"Melbourne, Australia",https://stackoverflow.com/jobs/427558
Python/Django Developer,KGtoPG.com,"Hyderabad, India",https://stackoverflow.com/jobs/431891
"Backend Software Engineer (Python, Node.js)",F-Secure,"Helsinki, Finland",https://stackoverflow.com/jobs/430333
Senior python/django Developer,Div International Technology Services,"Hyderabad, India",https://stackoverflow.com/jobs/431906
Senior Python Back End Engineer (Remote-Brazil),Loadsmart,No office location,https://stackoverflow.com/jobs/430974
Python Full Stack Developer,GRK Technologies,"Hyderabad, India",https://stackoverflow.com/jobs/426345
Python/Django Developer,Spiria Digital,"Oakville, ON, Canada",https://stackoverflow.com/jobs/409892
Senior Backend Engineer - Python,APNATIME TECH PRIVATE LIMITED,No office location,https://stackoverflow.com/jobs/411044
Django/Python Backend Engineer,PolicyFly,No office location,https://stackoverflow.com/jobs/415347
Python Backend Developer / Data Engineer for Geo Applications,GAF AG,"Neustrelitz, Deutschland",https://stackoverflow.com/jobs/419603
Sr. Python Developer,MBR Informatics,"Hyderabad, India",https://stackoverflow.com/jobs/431899
Senior Python Engineer,Bulb Energy,"London, UK",https://stackoverflow.com/jobs/396265
Python Developer/Senior Python Developer,Crebritech,"Noida, India",https://stackoverflow.com/jobs/384512
Backend Developer – Python/Django,5 Monkeys Agency AB,"Stockholm, Sweden",https://stackoverflow.com/jobs/426938
Sr. Python Developer,Bombay Softwares,"Ahmedabad, India",https://stackoverflow.com/jobs/427638
Python/ Flask Developer,Ibexlabs LLC,"Hyderabad, India",https://stackoverflow.com/jobs/431892
Python Developer,Quarec Resources,"Ahmedabad, India",https://stackoverflow.com/jobs/412138
Senior Python Developer,Lab Technologies SA,"Chiasso, Switzerland",https://stackoverflow.com/jobs/331824
Backend Engineer - Python (m/f/d),Laya Technologies,"Munich, Germany",https://stackoverflow.com/jobs/333801
Python Developer/Bangalore,Talent Zone Consultants,"Bengaluru, India",https://stackoverflow.com/jobs/413984
